{
  "__type__": "cc.BitmapFont",
  "_name": "flappybird",
  "_objFlags": 0,
  "_native": "",
  "fntDataStr": "",
  "spriteFrame": {
    "__uuid__": "95b92b6d-ab56-4af3-8f2c-815c50fd0d79"
  },
  "fontSize": 50,
  "_fntConfig": {
    "commonHeight": 57,
    "fontSize": 50,
    "atlasName": "flappybird.png",
    "fontDefDictionary": {
      "32": {
        "rect": {
          "x": 172,
          "y": 176,
          "width": 0,
          "height": 0
        },
        "xOffset": 0,
        "yOffset": 54,
        "xAdvance": 22
      },
      "33": {
        "rect": {
          "x": 18,
          "y": 2,
          "width": 17,
          "height": 40
        },
        "xOffset": 1,
        "yOffset": 14,
        "xAdvance": 16
      },
      "36": {
        "rect": {
          "x": 2,
          "y": 141,
          "width": 23,
          "height": 33
        },
        "xOffset": 5,
        "yOffset": 13,
        "xAdvance": 39
      },
      "37": {
        "rect": {
          "x": 420,
          "y": 141,
          "width": 26,
          "height": 29
        },
        "xOffset": 2,
        "yOffset": 19,
        "xAdvance": 25
      },
      "39": {
        "rect": {
          "x": 52,
          "y": 176,
          "width": 18,
          "height": 18
        },
        "xOffset": 1,
        "yOffset": 23,
        "xAdvance": 14
      },
      "40": {
        "rect": {
          "x": 343,
          "y": 101,
          "width": 21,
          "height": 38
        },
        "xOffset": 1,
        "yOffset": 16,
        "xAdvance": 25
      },
      "41": {
        "rect": {
          "x": 366,
          "y": 101,
          "width": 21,
          "height": 38
        },
        "xOffset": 1,
        "yOffset": 16,
        "xAdvance": 14
      },
      "42": {
        "rect": {
          "x": 100,
          "y": 176,
          "width": 15,
          "height": 16
        },
        "xOffset": 2,
        "yOffset": 22,
        "xAdvance": 27
      },
      "43": {
        "rect": {
          "x": 478,
          "y": 141,
          "width": 23,
          "height": 27
        },
        "xOffset": 5,
        "yOffset": 13,
        "xAdvance": 28
      },
      "44": {
        "rect": {
          "x": 117,
          "y": 176,
          "width": 14,
          "height": 16
        },
        "xOffset": 1,
        "yOffset": 38,
        "xAdvance": 6
      },
      "45": {
        "rect": {
          "x": 72,
          "y": 176,
          "width": 26,
          "height": 16
        },
        "xOffset": 1,
        "yOffset": 16,
        "xAdvance": 20
      },
      "46": {
        "rect": {
          "x": 133,
          "y": 176,
          "width": 14,
          "height": 15
        },
        "xOffset": 1,
        "yOffset": 39,
        "xAdvance": 6
      },
      "48": {
        "rect": {
          "x": 249,
          "y": 2,
          "width": 25,
          "height": 38
        },
        "xOffset": 1,
        "yOffset": 16,
        "xAdvance": 17
      },
      "49": {
        "rect": {
          "x": 218,
          "y": 101,
          "width": 23,
          "height": 38
        },
        "xOffset": 2,
        "yOffset": 16,
        "xAdvance": 17
      },
      "50": {
        "rect": {
          "x": 276,
          "y": 2,
          "width": 25,
          "height": 38
        },
        "xOffset": 1,
        "yOffset": 16,
        "xAdvance": 17
      },
      "51": {
        "rect": {
          "x": 303,
          "y": 2,
          "width": 25,
          "height": 38
        },
        "xOffset": 1,
        "yOffset": 16,
        "xAdvance": 17
      },
      "52": {
        "rect": {
          "x": 330,
          "y": 2,
          "width": 25,
          "height": 38
        },
        "xOffset": 1,
        "yOffset": 16,
        "xAdvance": 17
      },
      "53": {
        "rect": {
          "x": 357,
          "y": 2,
          "width": 25,
          "height": 38
        },
        "xOffset": 1,
        "yOffset": 16,
        "xAdvance": 17
      },
      "54": {
        "rect": {
          "x": 384,
          "y": 2,
          "width": 25,
          "height": 38
        },
        "xOffset": 1,
        "yOffset": 16,
        "xAdvance": 17
      },
      "55": {
        "rect": {
          "x": 105,
          "y": 2,
          "width": 28,
          "height": 38
        },
        "xOffset": 1,
        "yOffset": 16,
        "xAdvance": 20
      },
      "56": {
        "rect": {
          "x": 411,
          "y": 2,
          "width": 25,
          "height": 38
        },
        "xOffset": 1,
        "yOffset": 16,
        "xAdvance": 17
      },
      "57": {
        "rect": {
          "x": 438,
          "y": 2,
          "width": 25,
          "height": 38
        },
        "xOffset": 1,
        "yOffset": 16,
        "xAdvance": 17
      },
      "58": {
        "rect": {
          "x": 427,
          "y": 101,
          "width": 17,
          "height": 36
        },
        "xOffset": 5,
        "yOffset": 13,
        "xAdvance": 25
      },
      "59": {
        "rect": {
          "x": 446,
          "y": 101,
          "width": 17,
          "height": 36
        },
        "xOffset": 5,
        "yOffset": 13,
        "xAdvance": 14
      },
      "60": {
        "rect": {
          "x": 27,
          "y": 141,
          "width": 28,
          "height": 32
        },
        "xOffset": 7,
        "yOffset": 11,
        "xAdvance": 45
      },
      "61": {
        "rect": {
          "x": 448,
          "y": 141,
          "width": 28,
          "height": 27
        },
        "xOffset": 7,
        "yOffset": 16,
        "xAdvance": 36
      },
      "62": {
        "rect": {
          "x": 57,
          "y": 141,
          "width": 28,
          "height": 32
        },
        "xOffset": 10,
        "yOffset": 14,
        "xAdvance": 36
      },
      "63": {
        "rect": {
          "x": 465,
          "y": 2,
          "width": 25,
          "height": 38
        },
        "xOffset": 1,
        "yOffset": 16,
        "xAdvance": 17
      },
      "64": {
        "rect": {
          "x": 390,
          "y": 141,
          "width": 28,
          "height": 29
        },
        "xOffset": 2,
        "yOffset": 17,
        "xAdvance": 31
      },
      "65": {
        "rect": {
          "x": 2,
          "y": 61,
          "width": 25,
          "height": 38
        },
        "xOffset": 1,
        "yOffset": 16,
        "xAdvance": 17
      },
      "66": {
        "rect": {
          "x": 29,
          "y": 61,
          "width": 25,
          "height": 38
        },
        "xOffset": 1,
        "yOffset": 16,
        "xAdvance": 17
      },
      "67": {
        "rect": {
          "x": 56,
          "y": 61,
          "width": 25,
          "height": 38
        },
        "xOffset": 1,
        "yOffset": 16,
        "xAdvance": 17
      },
      "68": {
        "rect": {
          "x": 83,
          "y": 61,
          "width": 25,
          "height": 38
        },
        "xOffset": 1,
        "yOffset": 16,
        "xAdvance": 17
      },
      "69": {
        "rect": {
          "x": 243,
          "y": 101,
          "width": 23,
          "height": 38
        },
        "xOffset": 1,
        "yOffset": 16,
        "xAdvance": 16
      },
      "70": {
        "rect": {
          "x": 268,
          "y": 101,
          "width": 23,
          "height": 38
        },
        "xOffset": 1,
        "yOffset": 16,
        "xAdvance": 20
      },
      "71": {
        "rect": {
          "x": 110,
          "y": 61,
          "width": 25,
          "height": 38
        },
        "xOffset": 1,
        "yOffset": 16,
        "xAdvance": 17
      },
      "72": {
        "rect": {
          "x": 137,
          "y": 61,
          "width": 25,
          "height": 38
        },
        "xOffset": 1,
        "yOffset": 16,
        "xAdvance": 17
      },
      "73": {
        "rect": {
          "x": 389,
          "y": 101,
          "width": 17,
          "height": 38
        },
        "xOffset": 1,
        "yOffset": 16,
        "xAdvance": 8
      },
      "74": {
        "rect": {
          "x": 164,
          "y": 61,
          "width": 25,
          "height": 38
        },
        "xOffset": 1,
        "yOffset": 16,
        "xAdvance": 17
      },
      "75": {
        "rect": {
          "x": 191,
          "y": 61,
          "width": 25,
          "height": 38
        },
        "xOffset": 1,
        "yOffset": 16,
        "xAdvance": 20
      },
      "76": {
        "rect": {
          "x": 218,
          "y": 61,
          "width": 25,
          "height": 38
        },
        "xOffset": 1,
        "yOffset": 16,
        "xAdvance": 17
      },
      "77": {
        "rect": {
          "x": 37,
          "y": 2,
          "width": 32,
          "height": 38
        },
        "xOffset": 1,
        "yOffset": 16,
        "xAdvance": 25
      },
      "78": {
        "rect": {
          "x": 245,
          "y": 61,
          "width": 25,
          "height": 38
        },
        "xOffset": 1,
        "yOffset": 16,
        "xAdvance": 17
      },
      "79": {
        "rect": {
          "x": 272,
          "y": 61,
          "width": 25,
          "height": 38
        },
        "xOffset": 1,
        "yOffset": 16,
        "xAdvance": 17
      },
      "80": {
        "rect": {
          "x": 299,
          "y": 61,
          "width": 25,
          "height": 38
        },
        "xOffset": 1,
        "yOffset": 16,
        "xAdvance": 17
      },
      "81": {
        "rect": {
          "x": 165,
          "y": 2,
          "width": 26,
          "height": 38
        },
        "xOffset": 1,
        "yOffset": 16,
        "xAdvance": 20
      },
      "82": {
        "rect": {
          "x": 326,
          "y": 61,
          "width": 25,
          "height": 38
        },
        "xOffset": 1,
        "yOffset": 16,
        "xAdvance": 17
      },
      "83": {
        "rect": {
          "x": 353,
          "y": 61,
          "width": 25,
          "height": 38
        },
        "xOffset": 1,
        "yOffset": 16,
        "xAdvance": 17
      },
      "84": {
        "rect": {
          "x": 193,
          "y": 2,
          "width": 26,
          "height": 38
        },
        "xOffset": -1,
        "yOffset": 16,
        "xAdvance": 17
      },
      "85": {
        "rect": {
          "x": 380,
          "y": 61,
          "width": 25,
          "height": 38
        },
        "xOffset": 1,
        "yOffset": 16,
        "xAdvance": 17
      },
      "86": {
        "rect": {
          "x": 407,
          "y": 61,
          "width": 25,
          "height": 38
        },
        "xOffset": 1,
        "yOffset": 16,
        "xAdvance": 17
      },
      "87": {
        "rect": {
          "x": 71,
          "y": 2,
          "width": 32,
          "height": 38
        },
        "xOffset": 1,
        "yOffset": 16,
        "xAdvance": 23
      },
      "88": {
        "rect": {
          "x": 434,
          "y": 61,
          "width": 25,
          "height": 38
        },
        "xOffset": 1,
        "yOffset": 16,
        "xAdvance": 17
      },
      "89": {
        "rect": {
          "x": 461,
          "y": 61,
          "width": 25,
          "height": 38
        },
        "xOffset": 1,
        "yOffset": 16,
        "xAdvance": 17
      },
      "90": {
        "rect": {
          "x": 221,
          "y": 2,
          "width": 26,
          "height": 38
        },
        "xOffset": 1,
        "yOffset": 16,
        "xAdvance": 19
      },
      "95": {
        "rect": {
          "x": 149,
          "y": 176,
          "width": 21,
          "height": 13
        },
        "xOffset": 1,
        "yOffset": 41,
        "xAdvance": 22
      },
      "97": {
        "rect": {
          "x": 228,
          "y": 141,
          "width": 25,
          "height": 30
        },
        "xOffset": 1,
        "yOffset": 24,
        "xAdvance": 17
      },
      "98": {
        "rect": {
          "x": 2,
          "y": 101,
          "width": 25,
          "height": 38
        },
        "xOffset": 1,
        "yOffset": 16,
        "xAdvance": 17
      },
      "99": {
        "rect": {
          "x": 255,
          "y": 141,
          "width": 25,
          "height": 30
        },
        "xOffset": 1,
        "yOffset": 24,
        "xAdvance": 17
      },
      "100": {
        "rect": {
          "x": 29,
          "y": 101,
          "width": 25,
          "height": 38
        },
        "xOffset": 1,
        "yOffset": 16,
        "xAdvance": 17
      },
      "101": {
        "rect": {
          "x": 87,
          "y": 141,
          "width": 25,
          "height": 32
        },
        "xOffset": 1,
        "yOffset": 22,
        "xAdvance": 17
      },
      "102": {
        "rect": {
          "x": 135,
          "y": 2,
          "width": 28,
          "height": 38
        },
        "xOffset": -1,
        "yOffset": 16,
        "xAdvance": 19
      },
      "103": {
        "rect": {
          "x": 56,
          "y": 101,
          "width": 25,
          "height": 38
        },
        "xOffset": 1,
        "yOffset": 22,
        "xAdvance": 17
      },
      "104": {
        "rect": {
          "x": 83,
          "y": 101,
          "width": 25,
          "height": 38
        },
        "xOffset": 1,
        "yOffset": 16,
        "xAdvance": 17
      },
      "105": {
        "rect": {
          "x": 141,
          "y": 141,
          "width": 17,
          "height": 32
        },
        "xOffset": 1,
        "yOffset": 22,
        "xAdvance": 11
      },
      "106": {
        "rect": {
          "x": 110,
          "y": 101,
          "width": 25,
          "height": 38
        },
        "xOffset": 1,
        "yOffset": 22,
        "xAdvance": 19
      },
      "107": {
        "rect": {
          "x": 293,
          "y": 101,
          "width": 23,
          "height": 38
        },
        "xOffset": 1,
        "yOffset": 16,
        "xAdvance": 16
      },
      "108": {
        "rect": {
          "x": 408,
          "y": 101,
          "width": 17,
          "height": 38
        },
        "xOffset": 1,
        "yOffset": 16,
        "xAdvance": 9
      },
      "109": {
        "rect": {
          "x": 160,
          "y": 141,
          "width": 32,
          "height": 30
        },
        "xOffset": 1,
        "yOffset": 24,
        "xAdvance": 31
      },
      "110": {
        "rect": {
          "x": 282,
          "y": 141,
          "width": 25,
          "height": 30
        },
        "xOffset": 1,
        "yOffset": 24,
        "xAdvance": 17
      },
      "111": {
        "rect": {
          "x": 309,
          "y": 141,
          "width": 25,
          "height": 30
        },
        "xOffset": 1,
        "yOffset": 24,
        "xAdvance": 17
      },
      "112": {
        "rect": {
          "x": 137,
          "y": 101,
          "width": 25,
          "height": 38
        },
        "xOffset": 1,
        "yOffset": 22,
        "xAdvance": 17
      },
      "113": {
        "rect": {
          "x": 164,
          "y": 101,
          "width": 25,
          "height": 38
        },
        "xOffset": 1,
        "yOffset": 22,
        "xAdvance": 17
      },
      "114": {
        "rect": {
          "x": 2,
          "y": 176,
          "width": 23,
          "height": 27
        },
        "xOffset": 1,
        "yOffset": 27,
        "xAdvance": 16
      },
      "115": {
        "rect": {
          "x": 27,
          "y": 176,
          "width": 23,
          "height": 27
        },
        "xOffset": 1,
        "yOffset": 27,
        "xAdvance": 16
      },
      "116": {
        "rect": {
          "x": 318,
          "y": 101,
          "width": 23,
          "height": 38
        },
        "xOffset": 1,
        "yOffset": 16,
        "xAdvance": 16
      },
      "117": {
        "rect": {
          "x": 336,
          "y": 141,
          "width": 25,
          "height": 30
        },
        "xOffset": 1,
        "yOffset": 24,
        "xAdvance": 17
      },
      "118": {
        "rect": {
          "x": 363,
          "y": 141,
          "width": 25,
          "height": 30
        },
        "xOffset": 1,
        "yOffset": 24,
        "xAdvance": 17
      },
      "119": {
        "rect": {
          "x": 194,
          "y": 141,
          "width": 32,
          "height": 30
        },
        "xOffset": 1,
        "yOffset": 24,
        "xAdvance": 25
      },
      "120": {
        "rect": {
          "x": 114,
          "y": 141,
          "width": 25,
          "height": 32
        },
        "xOffset": 1,
        "yOffset": 22,
        "xAdvance": 17
      },
      "121": {
        "rect": {
          "x": 191,
          "y": 101,
          "width": 25,
          "height": 38
        },
        "xOffset": 1,
        "yOffset": 22,
        "xAdvance": 17
      },
      "122": {
        "rect": {
          "x": 465,
          "y": 101,
          "width": 26,
          "height": 35
        },
        "xOffset": 1,
        "yOffset": 19,
        "xAdvance": 19
      },
      "124": {
        "rect": {
          "x": 2,
          "y": 2,
          "width": 14,
          "height": 57
        },
        "xOffset": 7,
        "yOffset": 4,
        "xAdvance": 19
      }
    },
    "kerningDict": {}
  }
}