{
  "version": "1.1.1",
  "windows": {
    "main": {
      "main": true,
      "url": "app://editor/index.html",
      "windowType": "dockable",
      "x": 110,
      "y": 31,
      "width": 1641,
      "height": 1027,
      "layout": {
        "children": [
          {
            "children": [
              {
                "active": 0,
                "children": [
                  "hierarchy"
                ],
                "height": 444.109375,
                "type": "panel",
                "width": 262
              },
              {
                "active": 0,
                "children": [
                  "assets"
                ],
                "height": 497.109375,
                "type": "panel",
                "width": 262
              }
            ],
            "height": 943.21875,
            "type": "dock-v",
            "width": 262
          },
          {
            "children": [
              {
                "children": [
                  {
                    "active": 0,
                    "children": [
                      "scene"
                    ],
                    "height": 497.109375,
                    "type": "panel",
                    "width": 700.984375
                  },
                  {
                    "active": 0,
                    "children": [
                      "node-library"
                    ],
                    "height": 497.109375,
                    "type": "panel",
                    "width": 367.984375
                  }
                ],
                "height": 497.109375,
                "type": "dock-h",
                "width": 1070.984375
              },
              {
                "active": 0,
                "children": [
                  "console",
                  "timeline"
                ],
                "height": 444.109375,
                "type": "panel",
                "width": 1070.984375
              }
            ],
            "height": 943.21875,
            "type": "dock-v",
            "width": 1070.984375
          },
          {
            "active": 0,
            "children": [
              "inspector"
            ],
            "height": 943.21875,
            "type": "panel",
            "width": 304
          }
        ],
        "type": "dock-h"
      },
      "panels": [
        "hierarchy",
        "assets",
        "node-library",
        "console",
        "timeline",
        "inspector",
        "scene"
      ]
    }
  },
  "panels": {
    "builder": {
      "x": 438,
      "y": 152,
      "width": 654,
      "height": 722
    },
    "project-settings": {
      "x": 657,
      "y": 267,
      "width": 584,
      "height": 548
    }
  }
}