{
  "__type__": "cc.AnimationClip",
  "_name": "DropEnd",
  "_objFlags": 0,
  "_rawFiles": null,
  "_duration": 0.4,
  "sample": 10,
  "speed": 1,
  "wrapMode": 1,
  "curveData": {
    "comps": {
      "cc.Sprite": {
        "spriteFrame": [
          {
            "frame": 0,
            "value": {
              "__uuid__": "588cc2aa-92ab-4454-9ff9-7c57389986db"
            }
          },
          {
            "frame": 0.2,
            "value": {
              "__uuid__": "8d392cdd-8c25-4a32-badd-e89b5f35c3d4"
            }
          },
          {
            "frame": 0.3,
            "value": {
              "__uuid__": "34734e90-5ded-4786-bd52-c7a13afae2f8"
            }
          }
        ]
      }
    }
  },
  "events": [
    {
      "frame": 0.3,
      "func": "onDropFinished",
      "params": []
    }
  ]
}