[
  {
    "__type__": "cc.Prefab",
    "_name": "dust",
    "_objFlags": 0,
    "_native": "",
    "data": {
      "__id__": 1
    },
    "optimizationPolicy": 0,
    "asyncLoadAssets": false,
    "readonly": false
  },
  {
    "__type__": "cc.Node",
    "_name": "dust",
    "_objFlags": 0,
    "_parent": null,
    "_children": [],
    "_active": true,
    "_level": 1,
    "_components": [
      {
        "__id__": 2
      },
      {
        "__id__": 3
      },
      {
        "__id__": 4
      }
    ],
    "_prefab": {
      "__id__": 5
    },
    "_opacity": 222,
    "_color": {
      "__type__": "cc.Color",
      "r": 255,
      "g": 255,
      "b": 255,
      "a": 255
    },
    "_contentSize": {
      "__type__": "cc.Size",
      "width": 196,
      "height": 102
    },
    "_anchorPoint": {
      "__type__": "cc.Vec2",
      "x": 0.5,
      "y": 0.2
    },
    "_position": {
      "__type__": "cc.Vec3",
      "x": 0,
      "y": 0,
      "z": 0
    },
    "_scale": {
      "__type__": "cc.Vec3",
      "x": -0.7,
      "y": 0.7,
      "z": 1
    },
    "_rotationX": 0,
    "_rotationY": 0,
    "_quat": {
      "__type__": "cc.Quat",
      "x": 0,
      "y": 0,
      "z": 0,
      "w": 1
    },
    "_skewX": 0,
    "_skewY": 0,
    "_zIndex": 0,
    "groupIndex": 0,
    "_id": ""
  },
  {
    "__type__": "cc.Sprite",
    "_name": "",
    "_objFlags": 0,
    "node": {
      "__id__": 1
    },
    "_enabled": true,
    "_srcBlendFactor": 770,
    "_dstBlendFactor": 771,
    "_spriteFrame": {
      "__uuid__": "dc55103c-6746-43ea-b060-337585593d67"
    },
    "_type": 0,
    "_sizeMode": 2,
    "_fillType": 0,
    "_fillCenter": {
      "__type__": "cc.Vec2",
      "x": 0,
      "y": 0
    },
    "_fillStart": 0,
    "_fillRange": 0,
    "_isTrimmedMode": false,
    "_state": 0,
    "_atlas": {
      "__uuid__": "b990ad40-d7fd-49ac-bb2b-d91cec7ba1d3"
    },
    "_id": ""
  },
  {
    "__type__": "cc.Animation",
    "_name": "",
    "_objFlags": 0,
    "node": {
      "__id__": 1
    },
    "_enabled": true,
    "_defaultClip": null,
    "_clips": [
      {
        "__uuid__": "94f457bb-b9d9-4401-9a6c-9f75fd43e459"
      },
      {
        "__uuid__": "52ae96b3-eb2d-4e91-a996-be0a95cbe0a6"
      }
    ],
    "playOnLoad": false,
    "_id": ""
  },
  {
    "__type__": "97ca5Hx+7VEy425oaf76L9U",
    "_name": "",
    "_objFlags": 0,
    "node": {
      "__id__": 1
    },
    "_enabled": true,
    "anim": {
      "__id__": 3
    },
    "_id": ""
  },
  {
    "__type__": "cc.PrefabInfo",
    "root": {
      "__id__": 1
    },
    "asset": {
      "__uuid__": "7d87b2ed-c94c-4951-ab2b-10189bdc3730"
    },
    "fileId": "2b091w5kBpDrp9U8mgt0S6r",
    "sync": false
  }
]