{
  "f8e6b000-5643-4b86-9080-aa680ce1f599": {
    "asset": 1543305034000,
    "meta": 1543305034000,
    "relativePath": "image"
  },
  "fc09f9bd-2cce-4605-b630-8145ef809ed6": {
    "asset": 1543305034000,
    "meta": 1543305034000,
    "relativePath": "misc"
  },
  "f6e6dd15-71d1-4ffe-ace7-24fd39942c05": {
    "asset": 1543305034000,
    "meta": 1543305034000,
    "relativePath": "obsolete"
  },
  "f743d2b6-b7ea-4c14-a55b-547ed4d0a045": {
    "asset": 1543305034000,
    "meta": 1543305034000,
    "relativePath": "particle"
  },
  "ae6c6c98-11e4-452f-8758-75f5c6a56e83": {
    "asset": 1543305034000,
    "meta": 1543305034000,
    "relativePath": "prefab"
  },
  "e47cbaa9-3e55-43e1-ae07-4238bb8595f8": {
    "asset": 1545148264000,
    "meta": 1545148264000,
    "relativePath": "animations"
  },
  "92fba16c-a626-45cf-94c0-72db50125042": {
    "asset": 1553238335000,
    "meta": 1553242680217,
    "relativePath": "animations/Dead.anim"
  },
  "e5ddbca8-7068-4362-9e84-53462a29633b": {
    "asset": 1553238335000,
    "meta": 1553242680216,
    "relativePath": "animations/Drop.anim"
  },
  "e0b6267c-6894-4768-a33b-6a8a834f20a5": {
    "asset": 1553238335000,
    "meta": 1553242680218,
    "relativePath": "animations/DropEnd.anim"
  },
  "94f457bb-b9d9-4401-9a6c-9f75fd43e459": {
    "asset": 1553238335000,
    "meta": 1553242680219,
    "relativePath": "animations/DustDown.anim"
  },
  "52ae96b3-eb2d-4e91-a996-be0a95cbe0a6": {
    "asset": 1553238335000,
    "meta": 1553242680220,
    "relativePath": "animations/DustUp.anim"
  },
  "6f00b0f7-957e-41e9-b4ec-fd4afb0d57ec": {
    "asset": 1553238335000,
    "meta": 1553242680220,
    "relativePath": "animations/Jump.anim"
  },
  "2505ac26-f63d-4d16-856f-3ed452b5ff74": {
    "asset": 1553238335000,
    "meta": 1553242680222,
    "relativePath": "animations/Rotate.anim"
  },
  "c868ac37-4778-405f-8d57-ac848ba3111c": {
    "asset": 1553238335000,
    "meta": 1553242680223,
    "relativePath": "animations/Run_invincible.anim"
  },
  "50dcc040-8c1d-40fb-b90f-bc9de609d98b": {
    "asset": 1545148264000,
    "meta": 1545148264000,
    "relativePath": "atlas"
  },
  "4645f701-4a44-4b86-abfa-6b90f8f95685": {
    "asset": 1553238335000,
    "meta": 1553242680240,
    "relativePath": "animations/Run.anim"
  },
  "b990ad40-d7fd-49ac-bb2b-d91cec7ba1d3": {
    "asset": 1545148264000,
    "meta": 1553242681583,
    "relativePath": "atlas/actors.plist"
  },
  "20f3b8d7-8757-4ca2-b2fa-d3e3ac3f44e9": {
    "asset": 1545148264000,
    "meta": 1545148264000,
    "relativePath": "effects"
  },
  "5f80b8a9-81db-49fd-9c7b-752bda11f6e2": {
    "asset": 1545148264000,
    "meta": 1553242680269,
    "relativePath": "effects/fx_downfog01.png"
  },
  "db35b2ba-ec2e-4d97-9f0c-3a06f261aef9": {
    "asset": 1545148264000,
    "meta": 1553242680290,
    "relativePath": "effects/fx_downfog02.png"
  },
  "c2131750-36b3-4ecf-9536-e08a8bbae3b8": {
    "asset": 1545148264000,
    "meta": 1553242680285,
    "relativePath": "atlas/actors.png"
  },
  "f3305ec0-0c3f-4c47-94b5-3586c56ccbac": {
    "asset": 1545148264000,
    "meta": 1553242680318,
    "relativePath": "effects/fx_downfog04.png"
  },
  "5add9f82-c565-4de5-bd52-705d31c64f35": {
    "asset": 1545148264000,
    "meta": 1553242680305,
    "relativePath": "effects/fx_downfog03.png"
  },
  "d35a4145-4c45-4e9a-9fd0-b9153e333af5": {
    "asset": 1545148264000,
    "meta": 1553242680326,
    "relativePath": "effects/fx_downfog05.png"
  },
  "d1f307b6-2b14-451f-a769-1b2974b085f6": {
    "asset": 1545148264000,
    "meta": 1553242680341,
    "relativePath": "effects/fx_fog01.png"
  },
  "4d24b65e-8ac2-486c-a295-e27f2e4fe5a9": {
    "asset": 1545148264000,
    "meta": 1553242680349,
    "relativePath": "effects/fx_fog02.png"
  },
  "1b1bd7ce-3583-42d1-bb82-8bdff63e4e77": {
    "asset": 1545148264000,
    "meta": 1553242680368,
    "relativePath": "effects/fx_fog03.png"
  },
  "9079adee-3983-4431-ad95-5f1584bc27b4": {
    "asset": 1545148264000,
    "meta": 1553242680376,
    "relativePath": "effects/fx_fog04.png"
  },
  "7fe725d8-e77e-4401-ba55-9a336ae2f3d7": {
    "asset": 1545148264000,
    "meta": 1553242680390,
    "relativePath": "effects/fx_fog05.png"
  },
  "61e774f6-e559-4af5-bfed-5918bf2cc5a0": {
    "asset": 1545148264000,
    "meta": 1553242680400,
    "relativePath": "effects/fx_fog06.png"
  },
  "f012bf68-c7a5-434f-a991-54d2ed3572ac": {
    "asset": 1545148264000,
    "meta": 1553242680420,
    "relativePath": "effects/fx_hit01.png"
  },
  "a3739815-85d3-4b35-9f04-76cc9700609d": {
    "asset": 1545148264000,
    "meta": 1553242680429,
    "relativePath": "effects/fx_hit02.png"
  },
  "09134680-c6d1-4606-bb4c-6438a5db32a1": {
    "asset": 1545148264000,
    "meta": 1553242680448,
    "relativePath": "effects/fx_hit03.png"
  },
  "b7b75d0c-2348-4dd1-ab1e-9f9370fdb6f0": {
    "asset": 1545148264000,
    "meta": 1545148264000,
    "relativePath": "fonts"
  },
  "d2e0663d-2946-4ca9-88e5-062af024d9a9": {
    "asset": 1545148264000,
    "meta": 1553242681589,
    "relativePath": "fonts/flappybird.fnt"
  },
  "cdb03c2a-03d7-4ba2-8f0b-980915529d87": {
    "asset": 1545148264000,
    "meta": 1553242680457,
    "relativePath": "fonts/number2.png"
  },
  "09be565e-41c9-4ce9-b82e-4bab6643bbd3": {
    "asset": 1545148264000,
    "meta": 1545148264000,
    "relativePath": "musics"
  },
  "2b0b01de-0c0d-446c-b1de-db320678cca9": {
    "asset": 1545148264000,
    "meta": 1553242680465,
    "relativePath": "musics/die.mp3"
  },
  "41ea3c8d-ad27-42ee-a62e-2baa2c3a3b43": {
    "asset": 1545148264000,
    "meta": 1553242680473,
    "relativePath": "musics/gameBg.mp3"
  },
  "38f8181d-8d4d-40a3-b9d5-bb97e8163b5f": {
    "asset": 1545148264000,
    "meta": 1553242680468,
    "relativePath": "musics/gameOver.mp3"
  },
  "174d70e1-6720-4446-a6e3-c7b00294df06": {
    "asset": 1545148264000,
    "meta": 1553242680471,
    "relativePath": "musics/jump.mp3"
  },
  "459c97ba-747d-4c03-b632-4de587842842": {
    "asset": 1545148264000,
    "meta": 1553242680479,
    "relativePath": "musics/score.mp3"
  },
  "d81a39fc-16d9-46d5-a1e4-a8489125051e": {
    "asset": 1545148264000,
    "meta": 1545148264000,
    "relativePath": "prefabs"
  },
  "d7e088a5-4640-45be-97f2-07b654da4186": {
    "asset": 1545148264000,
    "meta": 1553242680477,
    "relativePath": "prefabs/driller.prefab"
  },
  "7d87b2ed-c94c-4951-ab2b-10189bdc3730": {
    "asset": 1545148264000,
    "meta": 1553242680481,
    "relativePath": "prefabs/dust.prefab"
  },
  "1a1213b3-2e20-4108-bae3-bab2bba58b7b": {
    "asset": 1545148264000,
    "meta": 1553242680482,
    "relativePath": "prefabs/PipeGroup.prefab"
  },
  "1d01ef87-466d-4e02-9079-137fb299e402": {
    "asset": 1545148264000,
    "meta": 1553242680462,
    "relativePath": "fonts/flappybird.png"
  },
  "6ce890d0-d4b1-4ef6-b497-85ddb9b0a7f2": {
    "asset": 1553253073825,
    "meta": 1545148264000,
    "relativePath": "scenes"
  },
  "1dd73fcc-c810-456b-afd1-ced3d7f813a2": {
    "asset": 1545148264000,
    "meta": 1553242680484,
    "relativePath": "prefabs/star.prefab"
  },
  "af4926ec-9749-46eb-a7b7-17c432cf1bb9": {
    "asset": 1553319319142,
    "meta": 1545148264000,
    "relativePath": "scripts"
  },
  "56dac6d2-7dd6-4ccf-bb02-e1b92998ea58": {
    "asset": 1553481972074,
    "meta": 1553481972098,
    "relativePath": "scenes/Game.fire"
  },
  "14f89e47-caa7-4482-847f-3801e836e675": {
    "asset": 1545148264000,
    "meta": 1545148264000,
    "relativePath": "scripts/common"
  },
  "6cd7a1b9-aa2a-46f1-9f7e-78ec0d9a7de6": {
    "asset": 1545148264000,
    "meta": 1553242680930,
    "relativePath": "scripts/common/CollisionProxy.js"
  },
  "9d752541-6042-4f3a-a88f-24061c594fb6": {
    "asset": 1545148264000,
    "meta": 1553242680968,
    "relativePath": "scripts/DrillerManager.js"
  },
  "97ca51f1-fbb5-44cb-8db9-a1a7fbe8bf54": {
    "asset": 1545148264000,
    "meta": 1553242681018,
    "relativePath": "scripts/Dust.js"
  },
  "42ba7800-c9fa-4666-a5c4-b1c901e8cd9a": {
    "asset": 1545148264000,
    "meta": 1553242681033,
    "relativePath": "scripts/GameOverMenu.js"
  },
  "5026d733-9fc9-4a66-9ab6-67e2c669da59": {
    "asset": 1545148264000,
    "meta": 1553242681064,
    "relativePath": "scripts/PipeGroup.js"
  },
  "ded04a1c-c68d-4f72-8a60-ea469f54f1a7": {
    "asset": 1545148264000,
    "meta": 1553242681107,
    "relativePath": "scripts/PipeGroupManager.js"
  },
  "7f5515dd-5722-4bd8-b2a3-31491145fa83": {
    "asset": 1545148264000,
    "meta": 1553242681117,
    "relativePath": "scripts/SceneManager.js"
  },
  "dbc2aab3-b665-462e-af7c-ab45200e650d": {
    "asset": 1545148264000,
    "meta": 1553242681124,
    "relativePath": "scripts/SceneObject.js"
  },
  "b9048f49-bc3d-4ed6-9817-3105d2286afb": {
    "asset": 1545148264000,
    "meta": 1553242681204,
    "relativePath": "scripts/Scroller.js"
  },
  "80271c63-15b6-4e83-95d1-9877fa10f0e2": {
    "asset": 1545148264000,
    "meta": 1553242681223,
    "relativePath": "scripts/Star.js"
  },
  "40bf8360-567e-4815-9a79-0f64bc7dc119": {
    "asset": 1545148264000,
    "meta": 1545148264000,
    "relativePath": "sprites"
  },
  "a354074c-49b3-40d0-8c69-a1b52df08e23": {
    "asset": 1545148264000,
    "meta": 1553242681224,
    "relativePath": "scripts/StarManager.js"
  },
  "c8f8c7e7-1412-4f24-9cf7-cde702cd76b2": {
    "asset": 1545148264000,
    "meta": 1545148264000,
    "relativePath": "sprites/background"
  },
  "31a7734f-7c68-477e-bf1d-1bf5ac8fa783": {
    "asset": 1545148264000,
    "meta": 1553242681236,
    "relativePath": "sprites/background/ground.png"
  },
  "ad8a6a67-a0b5-4cfd-878f-5ef59b0234a9": {
    "asset": 1545148264000,
    "meta": 1553242681249,
    "relativePath": "sprites/background/bg.png"
  },
  "9462a4da-4496-49b7-9687-b003b6150ade": {
    "asset": 1545148264000,
    "meta": 1545148264000,
    "relativePath": "sprites/other"
  },
  "08186d1d-e38e-47dc-8dec-a88d0899bf88": {
    "asset": 1545148264000,
    "meta": 1553242681257,
    "relativePath": "sprites/other/bird0_0.png"
  },
  "02667102-9a0b-488e-901d-722dd91c9abf": {
    "asset": 1545148264000,
    "meta": 1553242681265,
    "relativePath": "sprites/other/bird0_1.png"
  },
  "88ed9df7-d988-4b14-8bc8-aa6a0df390f0": {
    "asset": 1545148264000,
    "meta": 1553242681275,
    "relativePath": "sprites/other/bird0_2.png"
  },
  "b824f0be-422e-4535-adfb-ec7ad5b68b2f": {
    "asset": 1545148264000,
    "meta": 1553242681273,
    "relativePath": "sprites/background/pipe.png"
  },
  "0730d43b-1d06-4e32-9f00-124129dbab8b": {
    "asset": 1545148264000,
    "meta": 1553242681285,
    "relativePath": "sprites/other/bird2_0.png"
  },
  "2882ac53-10e9-439e-ab22-74249458df68": {
    "asset": 1545148264000,
    "meta": 1553242681284,
    "relativePath": "sprites/other/bird2_1.png"
  },
  "7df57ea1-a233-4e34-a805-aedb993d2533": {
    "asset": 1545148264000,
    "meta": 1553242681298,
    "relativePath": "sprites/other/bird2_2.png"
  },
  "8d8ef5c2-7841-4d9c-be51-d6588f5403b9": {
    "asset": 1545148264000,
    "meta": 1553242681296,
    "relativePath": "sprites/other/black.png"
  },
  "8ce3c5cc-d195-44d4-9139-13017c1fe22d": {
    "asset": 1545148264000,
    "meta": 1553242681307,
    "relativePath": "sprites/other/starMid.png"
  },
  "7abc2e19-fd8f-4700-af07-4a85c10f06dd": {
    "asset": 1545148264000,
    "meta": 1545148264000,
    "relativePath": "sprites/sheep"
  },
  "841a778c-8d6d-42ca-b664-15f4998e5f3b": {
    "asset": 1545148264000,
    "meta": 1553242681319,
    "relativePath": "sprites/other/driller.png"
  },
  "f516b336-0abc-4428-84d9-952bbf3d82c9": {
    "asset": 1545148264000,
    "meta": 1553242681330,
    "relativePath": "sprites/sheep/sheep_down_01.png"
  },
  "513fc177-0fae-4616-8b01-0e931b353745": {
    "asset": 1545148264000,
    "meta": 1553242681340,
    "relativePath": "sprites/sheep/sheep_down_02.png"
  },
  "35bd7465-0b5c-4a32-84d9-950ea7abe942": {
    "asset": 1545148264000,
    "meta": 1553242681367,
    "relativePath": "sprites/sheep/sheep_down_03.png"
  },
  "34457abf-979e-473d-9265-ad5a31eb51df": {
    "asset": 1545148264000,
    "meta": 1553242681369,
    "relativePath": "sprites/sheep/sheep_jump_01.png"
  },
  "36027854-886c-420b-a8a2-01ac229bfb28": {
    "asset": 1545148264000,
    "meta": 1553242681394,
    "relativePath": "sprites/sheep/sheep_jump_02.png"
  },
  "8923ca27-b670-41d7-b09a-e038c4305062": {
    "asset": 1545148264000,
    "meta": 1553242681399,
    "relativePath": "sprites/sheep/sheep_jump_03.png"
  },
  "6ea14694-a6ba-401e-a5b8-17a74945ed13": {
    "asset": 1545148264000,
    "meta": 1553242681418,
    "relativePath": "sprites/sheep/sheep_jump_04.png"
  },
  "4b70574c-8fc6-4ec2-a5b7-a7caac6cd2b8": {
    "asset": 1545148264000,
    "meta": 1553242681428,
    "relativePath": "sprites/sheep/sheep_jump_05.png"
  },
  "02ac8f81-c62b-4aa7-a298-626c77660380": {
    "asset": 1545148264000,
    "meta": 1553242681448,
    "relativePath": "sprites/sheep/sheep_metal_run_01.png"
  },
  "0c80954b-7854-4f57-8096-5b87713064d0": {
    "asset": 1545148264000,
    "meta": 1553242681451,
    "relativePath": "sprites/sheep/sheep_metal_run_02.png"
  },
  "f65095d1-68d2-41c8-8a67-ff582e90cde8": {
    "asset": 1545148264000,
    "meta": 1553242681479,
    "relativePath": "sprites/sheep/sheep_metal_run_03.png"
  },
  "3636cbb6-5cbe-452a-ac7d-47d2b607b053": {
    "asset": 1545148264000,
    "meta": 1553242681504,
    "relativePath": "sprites/sheep/sheep_run_01.png"
  },
  "ba491cf9-c623-4548-99fc-01492b030d86": {
    "asset": 1545148264000,
    "meta": 1553242681476,
    "relativePath": "sprites/sheep/sheep_metal_run_04.png"
  },
  "9e854841-2875-48ff-8773-4d25c23502e2": {
    "asset": 1545148264000,
    "meta": 1553242681528,
    "relativePath": "sprites/sheep/sheep_run_03.png"
  },
  "c8c48ee8-95d8-4a22-a309-9a10a6589490": {
    "asset": 1545148264000,
    "meta": 1553242681505,
    "relativePath": "sprites/sheep/sheep_run_02.png"
  },
  "be24d0bb-004e-4d6c-a37d-08c350402df2": {
    "asset": 1545148264000,
    "meta": 1553242681524,
    "relativePath": "sprites/sheep/sheep_run_04.png"
  },
  "a1ba56c3-c4f4-47a5-aa6d-38a012d41057": {
    "asset": 1545148264000,
    "meta": 1553242681553,
    "relativePath": "sprites/sheep/sheep_touch_01.png"
  },
  "c4486d7e-78ee-4859-b83e-200fa58845ad": {
    "asset": 1545148264000,
    "meta": 1545148264000,
    "relativePath": "sprites/ui"
  },
  "46f8f03f-7e46-47ec-97ae-b83692e24a25": {
    "asset": 1545148264000,
    "meta": 1553242681544,
    "relativePath": "sprites/ui/barExp.png"
  },
  "8ce0a714-5872-4b4e-a2a3-3f40db56dd44": {
    "asset": 1545148264000,
    "meta": 1553242681537,
    "relativePath": "sprites/ui/barBG.png"
  },
  "e504e088-d066-415f-bda9-67032f867c6f": {
    "asset": 1545148264000,
    "meta": 1553242681554,
    "relativePath": "sprites/ui/button_play.png"
  },
  "915d99c5-fd3e-4182-80cf-fd0607123ac2": {
    "asset": 1545148264000,
    "meta": 1553242681563,
    "relativePath": "sprites/ui/text_game_over.png"
  },
  "84673fab-081c-46b3-b244-4bd70d177ac7": {
    "asset": 1545148264000,
    "meta": 1553242681569,
    "relativePath": "sprites/ui/gameoverbg.png"
  },
  "67384faf-258a-4521-b3a0-c695e9bf5c1f": {
    "asset": 1553244014626,
    "meta": 1553244024442,
    "relativePath": "scripts/Globals.js"
  },
  "1e23489e-ebfe-4c2a-90d4-4edc261404d6": {
    "asset": 1553253063543,
    "meta": 1553245851630,
    "relativePath": "scripts/http"
  },
  "ec42aa09-3f84-4cd9-a125-cd795d6e4896": {
    "asset": 1553246366306,
    "meta": 1553253063789,
    "relativePath": "scripts/Tool.js"
  },
  "8b031473-5c7f-4021-8454-47ca2bbb6ddd": {
    "asset": 1553246546566,
    "meta": 1553253063982,
    "relativePath": "scripts/http/LogMgr.js"
  },
  "ff4b8a46-cc84-4dc5-9b77-c075ed3aa07e": {
    "asset": 1553261492105,
    "meta": 1553261494536,
    "relativePath": "scripts/Sheep.js"
  },
  "b21c0546-dade-46cd-b97c-00edd00eca14": {
    "asset": 1553320283742,
    "meta": 1553319310828,
    "relativePath": "scripts/webview"
  },
  "e0a62064-fe11-487b-ad3c-a638b9c452a4": {
    "asset": 1550717478000,
    "meta": 1553320283991,
    "relativePath": "scripts/webview/WebDeal.js"
  },
  "71561142-4c83-4933-afca-cb7a17f67053": {
    "asset": 1543305034000,
    "meta": 1553480764260,
    "relativePath": "image/default_btn_disabled.png"
  },
  "e851e89b-faa2-4484-bea6-5c01dd9f06e2": {
    "asset": 1543305034000,
    "meta": 1553480764259,
    "relativePath": "image/default_btn_normal.png"
  },
  "b43ff3c2-02bb-4874-81f7-f2dea6970f18": {
    "asset": 1543305034000,
    "meta": 1553480764446,
    "relativePath": "image/default_btn_pressed.png"
  },
  "edd215b9-2796-4a05-aaf5-81f96c9281ce": {
    "asset": 1543305034000,
    "meta": 1553480764447,
    "relativePath": "image/default_editbox_bg.png"
  },
  "d81ec8ad-247c-4e62-aa3c-d35c4193c7af": {
    "asset": 1543305034000,
    "meta": 1553480764614,
    "relativePath": "image/default_panel.png"
  },
  "99170b0b-d210-46f1-b213-7d9e3f23098a": {
    "asset": 1543305034000,
    "meta": 1553480764613,
    "relativePath": "image/default_progressbar_bg.png"
  },
  "cfef78f1-c8df-49b7-8ed0-4c953ace2621": {
    "asset": 1543305034000,
    "meta": 1553480764646,
    "relativePath": "image/default_progressbar.png"
  },
  "567dcd80-8bf4-4535-8a5a-313f1caf078a": {
    "asset": 1543305034000,
    "meta": 1553480764678,
    "relativePath": "image/default_radio_button_off.png"
  },
  "4bab67cb-18e6-4099-b840-355f0473f890": {
    "asset": 1543305034000,
    "meta": 1553480764726,
    "relativePath": "image/default_scrollbar_bg.png"
  },
  "9d60001f-b5f4-4726-a629-2659e3ded0b8": {
    "asset": 1543305034000,
    "meta": 1553480764708,
    "relativePath": "image/default_radio_button_on.png"
  },
  "617323dd-11f4-4dd3-8eec-0caf6b3b45b9": {
    "asset": 1543305034000,
    "meta": 1553480764736,
    "relativePath": "image/default_scrollbar_vertical_bg.png"
  },
  "d6d3ca85-4681-47c1-b5dd-d036a9d39ea2": {
    "asset": 1543305034000,
    "meta": 1553480764748,
    "relativePath": "image/default_scrollbar_vertical.png"
  },
  "0275e94c-56a7-410f-bd1a-fc7483f7d14a": {
    "asset": 1543305034000,
    "meta": 1553480764773,
    "relativePath": "image/default_sprite_splash.png"
  },
  "0291c134-b3da-4098-b7b5-e397edbe947f": {
    "asset": 1543305034000,
    "meta": 1553480764770,
    "relativePath": "image/default_scrollbar.png"
  },
  "6e056173-d285-473c-b206-40a7fff5386e": {
    "asset": 1543305034000,
    "meta": 1553480764781,
    "relativePath": "image/default_sprite.png"
  },
  "73a0903d-d80e-4e3c-aa67-f999543c08f5": {
    "asset": 1543305034000,
    "meta": 1553480764783,
    "relativePath": "image/default_toggle_checkmark.png"
  },
  "c25b9d50-c8fc-4d27-beeb-6e7c1f2e5c0f": {
    "asset": 1543305034000,
    "meta": 1553480764790,
    "relativePath": "image/default_toggle_disabled.png"
  },
  "d29077ba-1627-4a72-9579-7b56a235340c": {
    "asset": 1543305034000,
    "meta": 1553480764792,
    "relativePath": "image/default_toggle_normal.png"
  },
  "2be36297-9abb-4fee-8049-9ed5e271da8a": {
    "asset": 1543305034000,
    "meta": 1553480764801,
    "relativePath": "misc/default_video.mp4"
  },
  "b181c1e4-0a72-4a91-bfb0-ae6f36ca60bd": {
    "asset": 1543305034000,
    "meta": 1553480764803,
    "relativePath": "image/default_toggle_pressed.png"
  },
  "b8223619-7e38-47c4-841f-9160c232495a": {
    "asset": 1543305034000,
    "meta": 1553480764880,
    "relativePath": "obsolete/atom.plist"
  },
  "8a96b965-2dc0-4e03-aa90-3b79cb93b5b4": {
    "asset": 1543305034000,
    "meta": 1553480764812,
    "relativePath": "obsolete/atom.png"
  },
  "b2687ac4-099e-403c-a192-ff477686f4f5": {
    "asset": 1543305034000,
    "meta": 1553480764880,
    "relativePath": "particle/atom.plist"
  },
  "d0a82d39-bede-46c4-b698-c81ff0dedfff": {
    "asset": 1543305034000,
    "meta": 1553480764814,
    "relativePath": "particle/atom.png"
  },
  "972b9a4d-47ee-4c74-b5c3-61d8a69bc29f": {
    "asset": 1543305034000,
    "meta": 1553480764817,
    "relativePath": "prefab/button.prefab"
  },
  "2c937608-2562-40ea-b264-7395df6f0cea": {
    "asset": 1543305034000,
    "meta": 1553480764818,
    "relativePath": "prefab/canvas.prefab"
  },
  "61aeb05b-3b32-452b-8eed-2b76deeed554": {
    "asset": 1543305034000,
    "meta": 1553480764820,
    "relativePath": "prefab/editbox.prefab"
  },
  "27756ebb-3d33-44b0-9b96-e858fadd4dd4": {
    "asset": 1543305034000,
    "meta": 1553480764821,
    "relativePath": "prefab/label.prefab"
  },
  "785a442c-3ceb-45be-a46e-7317f625f3b9": {
    "asset": 1543305034000,
    "meta": 1553480764822,
    "relativePath": "prefab/layout.prefab"
  },
  "ca8401fe-ad6e-41a8-bd46-8e3e4e9945be": {
    "asset": 1543305034000,
    "meta": 1553480764823,
    "relativePath": "prefab/pageview.prefab"
  },
  "cd33edea-55f5-46c2-958d-357a01384a36": {
    "asset": 1543305034000,
    "meta": 1553480764825,
    "relativePath": "prefab/particlesystem.prefab"
  },
  "5965ffac-69da-4b55-bcde-9225d0613c28": {
    "asset": 1543305034000,
    "meta": 1553480764826,
    "relativePath": "prefab/progressBar.prefab"
  },
  "4a37dd57-78cd-4cec-aad4-f11a73d12b63": {
    "asset": 1543305034000,
    "meta": 1553480764829,
    "relativePath": "prefab/richtext.prefab"
  },
  "32044bd2-481f-4cf1-a656-e2b2fb1594eb": {
    "asset": 1543305034000,
    "meta": 1553480764830,
    "relativePath": "prefab/scrollview.prefab"
  },
  "0004d1cf-a0ad-47d8-ab17-34d3db9d35a3": {
    "asset": 1543305034000,
    "meta": 1553480764832,
    "relativePath": "prefab/slider.prefab"
  },
  "1f55e3be-b89b-4b79-88de-47fd31018044": {
    "asset": 1543305034000,
    "meta": 1553480764832,
    "relativePath": "prefab/sprite_splash.prefab"
  },
  "96083d03-c332-4a3f-9386-d03e2d19e8ee": {
    "asset": 1543305034000,
    "meta": 1553480764834,
    "relativePath": "prefab/sprite.prefab"
  },
  "7de03a80-4457-438d-95a7-3e7cdffd6086": {
    "asset": 1543305034000,
    "meta": 1553480764835,
    "relativePath": "prefab/tiledmap.prefab"
  },
  "0e42ba95-1fa1-46aa-b2cf-143cd1bcee2c": {
    "asset": 1543305034000,
    "meta": 1553480764836,
    "relativePath": "prefab/tiledtile.prefab"
  },
  "0d784963-d024-4ea6-a7db-03be0ad63010": {
    "asset": 1543305034000,
    "meta": 1553480764837,
    "relativePath": "prefab/toggle.prefab"
  },
  "bf0a434c-84dd-4a8e-a08a-7a36f180cc75": {
    "asset": 1543305034000,
    "meta": 1553480764839,
    "relativePath": "prefab/toggleContainer.prefab"
  },
  "d1b8be49-b0a0-435c-83b7-552bed4bbe35": {
    "asset": 1543305034000,
    "meta": 1553480764841,
    "relativePath": "prefab/toggleGroup.prefab"
  },
  "232d2782-c4bd-4bb4-9e01-909f03d6d3b9": {
    "asset": 1543305034000,
    "meta": 1553480764843,
    "relativePath": "prefab/videoplayer.prefab"
  },
  "8c5001fd-07ee-4a4b-a8a0-63e15195e94d": {
    "asset": 1543305034000,
    "meta": 1553480764844,
    "relativePath": "prefab/webview.prefab"
  },
  "525bc955-0432-4905-88a4-bf39522ff6cd": {
    "asset": 1553328234069,
    "meta": 1553328245291,
    "relativePath": "scripts/http/HttpMgr.js"
  },
  "f3f22725-6b6a-48d5-ac63-738a6db6d043": {
    "asset": 1553331514465,
    "meta": 1553332738640,
    "relativePath": "scripts/http/http.js"
  },
  "4c008c42-9bec-4948-bcef-352c533f66c9": {
    "asset": 1553407476587,
    "meta": 1553407480089,
    "relativePath": "scripts/Driller.js"
  },
  "d93260ad-77c0-42e8-b11b-25ef30acbcb9": {
    "asset": 1553481850875,
    "meta": 1553481854860,
    "relativePath": "scripts/GameLoginMenu.js"
  },
  "327f0de6-5a53-4726-ab22-f951293815c2": {
    "asset": 1553481704502,
    "meta": 1553481854884,
    "relativePath": "scripts/GameManager.js"
  },
  "853093e4-3be9-4894-8f4c-93e57dc67284": {
    "asset": 1553481809749,
    "meta": 1553481854921,
    "relativePath": "scripts/http/HttpRequest.js"
  },
  "c015f6e2-4fc9-41d6-b128-2d2bb5c3ce40": {
    "asset": 1553481724323,
    "meta": 1553481854923,
    "relativePath": "scripts/http/NetConfig.js"
  }
}